strategy,setting_id,param_d_threshold_seconds,param_w_max_hours,param_tau_skip,n_builds,n_accountable,n_unaccountable,n_eligible,n_deferred,share_deferred,n_skipped,carbon_total_g,carbon_per_1000_builds_g,sci_g_per_successful_commit,latency_mean_h_all,latency_p95_h_all,latency_mean_h_deferred,latency_p95_h_deferred,n_failed,ttff_mean_h_failed,ttff_p95_h_failed,missed_failures,failure_recall,carbon_pct_vs_static,herding_top5_slot_share
1_static,1_static,,,,12000,11994,6,0,0,0.0,0,48135.347615765975,4013.285610785894,5.6643148524083315,0.0,0.0,,,3500,1.1390401728960082,5.492152777777777,0,1.0,0.0,0.05591666666666667
2_blanket_carbon_aware,2_blanket_carbon_aware__d0__w167,0.0,167.0,,12000,11994,6,2649,2643,0.22025,0,44998.006225475,3751.7097069764063,5.295128998055427,19.514916666666668,123.0,88.60348089292471,148.9000000000001,3500,23.10671751843377,131.01041666666666,0,1.0,-6.517749524391933,0.26008333333333333
3_eligibility_only,3_eligibility_only__d0__w6,0.0,6.0,,12000,11994,6,2649,2127,0.17725,0,46872.33853399723,3907.9822022675626,5.515690578253372,0.78675,6.0,4.438645980253879,6.0,3500,2.044932621408594,6.586180555555556,0,1.0,-2.6238702831247145,0.0825
3_eligibility_only,3_eligibility_only__d0__w12,0.0,12.0,,12000,11994,6,2649,2505,0.20875,0,46556.65140077569,3881.661780955121,5.478542174720608,1.5175,11.0,7.269461077844311,12.0,3500,2.832404017289601,12.017430555555556,0,1.0,-3.279702532932812,0.12875
3_eligibility_only,3_eligibility_only__d0__w24,0.0,24.0,,12000,11994,6,2649,2581,0.21508333333333332,0,46316.44169184167,3861.63429146588,5.45027555799503,2.847166666666667,20.0,13.237504843084077,24.0,3500,4.3838914314772435,21.11340277777778,0,1.0,-3.778732291378513,0.17225
4a_duration_estimator,4a_duration_estimator__d0__w6,0.0,6.0,,12000,11994,6,2649,2127,0.17725,0,46872.33853399723,3907.9822022675626,5.515690578253372,0.78675,6.0,4.438645980253879,6.0,3500,2.044932621408594,6.586180555555556,0,1.0,-2.6238702831247145,0.0825
4a_duration_estimator,4a_duration_estimator__d60__w6,60.0,6.0,,12000,11994,6,2649,2064,0.172,0,46879.52515074792,3908.581386588951,5.516536261561294,0.76475,6.0,4.446220930232558,6.0,3500,2.0214772438342234,6.557777777777778,0,1.0,-2.6089402636967933,0.0805
4a_duration_estimator,4a_duration_estimator__d120__w6,120.0,6.0,,12000,11994,6,2649,2004,0.167,0,46884.22667695764,3908.9733764346815,5.51708951246853,0.7425,6.0,4.446107784431137,6.0,3500,1.999166031019578,6.552083333333334,0,1.0,-2.599172958706658,0.07883333333333334
4a_duration_estimator,4a_duration_estimator__d240__w6,240.0,6.0,,12000,11994,6,2649,1802,0.15016666666666667,0,46930.9565157132,3912.8694777149503,5.522588434421407,0.6680833333333334,6.0,4.448945615982242,6.0,3500,1.9396694635138572,6.512569444444445,0,1.0,-2.5020928687724195,0.07525
4a_duration_estimator,4a_duration_estimator__d480__w6,480.0,6.0,,12000,11994,6,2649,1240,0.10333333333333333,0,47005.857902213895,3919.1143823756775,5.53140243612778,0.4605,5.0,4.4564516129032254,6.0,3500,1.7669005847953216,6.505972222222223,0,1.0,-2.3464870817348946,0.062
4a_duration_estimator,4a_duration_estimator__d960__w6,960.0,6.0,,12000,11994,6,2649,703,0.058583333333333334,0,47193.17895547778,3934.7322790960347,5.553445393678258,0.25275,2.0,4.314366998577525,6.0,3500,1.4622667175184338,6.385,0,1.0,-1.9573322037869247,0.05491666666666667
4a_duration_estimator,4a_duration_estimator__d1920__w6,1920.0,6.0,,12000,11994,6,2649,203,0.016916666666666667,0,47770.96170311597,3982.904927723526,5.6214358323271325,0.07416666666666667,0.0,4.384236453201971,6.0,3500,1.2194177472667176,5.958125,0,1.0,-0.7570027655325225,0.0545
4a_duration_estimator,4a_duration_estimator__d3840__w6,3840.0,6.0,,12000,11994,6,2649,0,0.0,0,48135.347615765975,4013.285610785894,5.6643148524083315,0.0,0.0,,,3500,1.1390401728960082,5.492152777777777,0,1.0,0.0,0.05591666666666667
4a_duration_estimator,4a_duration_estimator__d7680__w6,7680.0,6.0,,12000,11994,6,2649,0,0.0,0,48135.347615765975,4013.285610785894,5.6643148524083315,0.0,0.0,,,3500,1.1390401728960082,5.492152777777777,0,1.0,0.0,0.05591666666666667
4a_duration_estimator,4a_duration_estimator__d15360__w6,15360.0,6.0,,12000,11994,6,2649,0,0.0,0,48135.347615765975,4013.285610785894,5.6643148524083315,0.0,0.0,,,3500,1.1390401728960082,5.492152777777777,0,1.0,0.0,0.05591666666666667
4a_duration_estimator,4a_duration_estimator__d0__w12,0.0,12.0,,12000,11994,6,2649,2505,0.20875,0,46556.65140077569,3881.661780955121,5.478542174720608,1.5175,11.0,7.269461077844311,12.0,3500,2.832404017289601,12.017430555555556,0,1.0,-3.279702532932812,0.12875
4a_duration_estimator,4a_duration_estimator__d60__w12,60.0,12.0,,12000,11994,6,2649,2438,0.20316666666666666,0,46569.91172052917,3882.7673603909625,5.480102579492728,1.48325,11.0,7.300656275635767,12.0,3500,2.7929303330790747,12.010208333333335,0,1.0,-3.252154544998178,0.12716666666666668
4a_duration_estimator,4a_duration_estimator__d120__w12,120.0,12.0,,12000,11994,6,2649,2362,0.19683333333333333,0,46582.36205696042,3883.805407450429,5.48156766968233,1.4376666666666666,11.0,7.303979678238781,12.0,3500,2.755744978387999,12.006180555555554,0,1.0,-3.2262892774807947,0.12425
4a_duration_estimator,4a_duration_estimator__d240__w12,240.0,12.0,,12000,11994,6,2649,2133,0.17775,0,46636.70158125486,3888.335966421113,5.487962059455734,1.3033333333333332,11.0,7.332395686826066,12.0,3500,2.649337655733537,11.976666666666667,0,1.0,-3.1134002531235954,0.11491666666666667
4a_duration_estimator,4a_duration_estimator__d480__w12,480.0,12.0,,12000,11994,6,2649,1460,0.12166666666666667,0,46725.10187899097,3895.706343087455,5.498364542126493,0.8866666666666667,8.0,7.287671232876712,12.0,3500,2.3263971523010425,11.01875,0,1.0,-2.92975081021991,0.08833333333333333
4a_duration_estimator,4a_duration_estimator__d960__w12,960.0,12.0,,12000,11994,6,2649,814,0.06783333333333333,0,46959.15451785486,3915.220486731273,5.525906627189326,0.4805833333333333,4.0,7.084766584766585,12.0,3500,1.7348639715230105,7.596041666666666,0,1.0,-2.443512213311362,0.059833333333333336
4a_duration_estimator,4a_duration_estimator__d1920__w12,1920.0,12.0,,12000,11994,6,2649,227,0.018916666666666665,0,47713.25711391597,3978.093806396195,5.614645459392324,0.12991666666666668,0.0,6.86784140969163,12.0,3500,1.2880676328502416,6.0720833333333335,0,1.0,-0.8768826294126524,0.05425
4a_duration_estimator,4a_duration_estimator__d3840__w12,3840.0,12.0,,12000,11994,6,2649,0,0.0,0,48135.347615765975,4013.285610785894,5.6643148524083315,0.0,0.0,,,3500,1.1390401728960082,5.492152777777777,0,1.0,0.0,0.05591666666666667
4a_duration_estimator,4a_duration_estimator__d7680__w12,7680.0,12.0,,12000,11994,6,2649,0,0.0,0,48135.347615765975,4013.285610785894,5.6643148524083315,0.0,0.0,,,3500,1.1390401728960082,5.492152777777777,0,1.0,0.0,0.05591666666666667
4a_duration_estimator,4a_duration_estimator__d15360__w12,15360.0,12.0,,12000,11994,6,2649,0,0.0,0,48135.347615765975,4013.285610785894,5.6643148524083315,0.0,0.0,,,3500,1.1390401728960082,5.492152777777777,0,1.0,0.0,0.05591666666666667
4a_duration_estimator,4a_duration_estimator__d0__w24,0.0,24.0,,12000,11994,6,2649,2581,0.21508333333333332,0,46316.44169184167,3861.63429146588,5.45027555799503,2.847166666666667,20.0,13.237504843084077,24.0,3500,4.3838914314772435,21.11340277777778,0,1.0,-3.778732291378513,0.17225
4a_duration_estimator,4a_duration_estimator__d60__w24,60.0,24.0,,12000,11994,6,2649,2507,0.20891666666666667,0,46334.068761479866,3863.1039487643807,5.452349818955046,2.7426666666666666,19.0,13.128041483845234,24.0,3500,4.3015115687770145,21.054375,0,1.0,-3.74211248802958,0.16891666666666666
4a_duration_estimator,4a_duration_estimator__d120__w24,120.0,24.0,,12000,11994,6,2649,2426,0.20216666666666666,0,46347.68416025695,3864.2391329212137,5.453952007561431,2.649,19.0,13.103050288540809,24.0,3500,4.2302873124841085,21.042291666666664,0,1.0,-3.7138268321624235,0.16475
4a_duration_estimator,4a_duration_estimator__d240__w24,240.0,24.0,,12000,11994,6,2649,2190,0.1825,0,46408.09893955973,3869.2762164048477,5.461061301430894,2.3919166666666665,18.0,13.106392694063928,24.0,3500,4.009749555047038,20.42763888888889,0,1.0,-3.588316615045142,0.15233333333333332
4a_duration_estimator,4a_duration_estimator__d480__w24,480.0,24.0,,12000,11994,6,2649,1499,0.12491666666666666,0,46507.94762811667,3877.6011028945068,5.472810970595048,1.647,15.0,13.184789859906605,24.0,3500,3.4073468090516146,19.14701388888889,0,1.0,-3.380883421970481,0.11291666666666667
4a_duration_estimator,4a_duration_estimator__d960__w24,960.0,24.0,,12000,11994,6,2649,839,0.06991666666666667,0,46765.32779449237,3899.06017963085,5.503098116555945,0.9454166666666667,9.0,13.522050059594756,24.0,3500,2.413353674040173,14.766597222222224,0,1.0,-2.8461824607762143,0.07183333333333333
4a_duration_estimator,4a_duration_estimator__d1920__w24,1920.0,24.0,,12000,11994,6,2649,236,0.019666666666666666,0,47645.527244199315,3972.4468270968255,5.6066753641091225,0.2505,0.0,12.73728813559322,24.0,3500,1.4611225527587084,6.248611111111112,0,1.0,-1.0175897668312517,0.05425
4a_duration_estimator,4a_duration_estimator__d3840__w24,3840.0,24.0,,12000,11994,6,2649,0,0.0,0,48135.347615765975,4013.285610785894,5.6643148524083315,0.0,0.0,,,3500,1.1390401728960082,5.492152777777777,0,1.0,0.0,0.05591666666666667
4a_duration_estimator,4a_duration_estimator__d7680__w24,7680.0,24.0,,12000,11994,6,2649,0,0.0,0,48135.347615765975,4013.285610785894,5.6643148524083315,0.0,0.0,,,3500,1.1390401728960082,5.492152777777777,0,1.0,0.0,0.05591666666666667
4a_duration_estimator,4a_duration_estimator__d15360__w24,15360.0,24.0,,12000,11994,6,2649,0,0.0,0,48135.347615765975,4013.285610785894,5.6643148524083315,0.0,0.0,,,3500,1.1390401728960082,5.492152777777777,0,1.0,0.0,0.05591666666666667
4b_duration_prior,4b_duration_prior__d0__w6,0.0,6.0,,12000,11994,6,2649,2127,0.17725,0,46872.33853399723,3907.9822022675626,5.515690578253372,0.78675,6.0,4.438645980253879,6.0,3500,2.044932621408594,6.586180555555556,0,1.0,-2.6238702831247145,0.0825
4b_duration_prior,4b_duration_prior__d60__w6,60.0,6.0,,12000,11994,6,2649,2036,0.16966666666666666,0,46874.66393548681,3908.176082665226,5.515964219285329,0.7521666666666667,6.0,4.433202357563851,6.0,3500,1.9891545893719806,6.586180555555556,0,1.0,-2.619039318761187,0.07991666666666666
4b_duration_prior,4b_duration_prior__d120__w6,120.0,6.0,,12000,11994,6,2649,1960,0.16333333333333333,0,46878.767051897914,3908.5181800815235,5.51644705247091,0.7221666666666666,6.0,4.421428571428572,6.0,3500,1.9711339944063058,6.586180555555556,0,1.0,-2.6105151954000716,0.07841666666666666
4b_duration_prior,4b_duration_prior__d240__w6,240.0,6.0,,12000,11994,6,2649,1529,0.12741666666666668,0,46913.28159953959,3911.3958312105656,5.520508543132445,0.564,6.0,4.4264224983649445,6.0,3500,1.8667289600813628,6.576527777777778,0,1.0,-2.538812072121024,0.06808333333333333
4b_duration_prior,4b_duration_prior__d480__w6,480.0,6.0,,12000,11994,6,2649,1142,0.09516666666666666,0,46976.22418517709,3916.6436706000586,5.5279152959728295,0.4315,5.0,4.53415061295972,6.0,3500,1.6973925756420036,6.557777777777778,0,1.0,-2.4080503995555524,0.057833333333333334
4b_duration_prior,4b_duration_prior__d960__w6,960.0,6.0,,12000,11994,6,2649,743,0.06191666666666667,0,47075.976176128475,3924.9604949248387,5.539653586270713,0.273,2.0,4.409152086137281,6.0,3500,1.4791431477243835,6.507500000000001,0,1.0,-2.2008180933765895,0.05516666666666667
4b_duration_prior,4b_duration_prior__d1920__w6,1920.0,6.0,,12000,11994,6,2649,549,0.04575,0,47173.8076822507,3933.1171987869575,5.5511658840022085,0.19383333333333333,0.0,4.236794171220401,6.0,3500,1.3698754131706077,6.437361111111111,0,1.0,-1.9975755471646464,0.05508333333333333
4b_duration_prior,4b_duration_prior__d3840__w6,3840.0,6.0,,12000,11994,6,2649,425,0.035416666666666666,0,47290.38374988264,3942.8367308556544,5.564883943266971,0.14491666666666667,0.0,4.091764705882353,6.0,3500,1.3223925756420036,6.337777777777778,0,1.0,-1.755391635743659,0.05475
4b_duration_prior,4b_duration_prior__d7680__w6,7680.0,6.0,,12000,11994,6,2649,278,0.023166666666666665,0,47538.76464975139,3963.5454935594025,5.5941121028184835,0.08941666666666667,0.0,3.8597122302158273,6.0,3500,1.2671866259852531,6.228194444444444,0,1.0,-1.2393864292342511,0.05583333333333333
4b_duration_prior,4b_duration_prior__d15360__w6,15360.0,6.0,,12000,11994,6,2649,0,0.0,0,48135.347615765975,4013.285610785894,5.6643148524083315,0.0,0.0,,,3500,1.1390401728960082,5.492152777777777,0,1.0,0.0,0.05591666666666667
4b_duration_prior,4b_duration_prior__d0__w12,0.0,12.0,,12000,11994,6,2649,2505,0.20875,0,46556.65140077569,3881.661780955121,5.478542174720608,1.5175,11.0,7.269461077844311,12.0,3500,2.832404017289601,12.017430555555556,0,1.0,-3.279702532932812,0.12875
4b_duration_prior,4b_duration_prior__d60__w12,60.0,12.0,,12000,11994,6,2649,2401,0.20008333333333334,0,46559.43754873195,3881.8940760990454,5.478870033976459,1.4555,11.0,7.274468971261975,12.0,3500,2.7348639715230103,12.006388888888889,0,1.0,-3.2739143791243643,0.12483333333333334
4b_duration_prior,4b_duration_prior__d120__w12,120.0,12.0,,12000,11994,6,2649,2315,0.19291666666666665,0,46564.18257578126,3882.289692828183,5.479428403833987,1.40525,11.0,7.284233261339093,12.0,3500,2.701683193490974,12.002847222222224,0,1.0,-3.264056702210606,0.12183333333333334
4b_duration_prior,4b_duration_prior__d240__w12,240.0,12.0,,12000,11994,6,2649,1792,0.14933333333333335,0,46607.24835511875,3885.8803030781023,5.48449615852186,1.0791666666666666,10.0,7.2265625,12.0,3500,2.5214772438342234,11.352916666666667,0,1.0,-3.1745886055401527,0.10108333333333333
4b_duration_prior,4b_duration_prior__d480__w12,480.0,12.0,,12000,11994,6,2649,1348,0.11233333333333333,0,46684.0306708132,3892.2820302495625,5.493531498095229,0.82575,8.0,7.350890207715134,12.0,3500,2.21369692346809,10.333125,0,1.0,-3.015075234394695,0.08408333333333333
4b_duration_prior,4b_duration_prior__d960__w12,960.0,12.0,,12000,11994,6,2649,884,0.07366666666666667,0,46804.75622821181,3902.347526114043,5.507737847518455,0.539,5.0,7.316742081447964,12.0,3500,1.8286854818204934,8.632847222222221,0,1.0,-2.7642708601077275,0.06491666666666666
4b_duration_prior,4b_duration_prior__d1920__w12,1920.0,12.0,,12000,11994,6,2649,649,0.05408333333333333,0,46933.40030236945,3913.073228478363,5.522876006397916,0.38308333333333333,2.0,7.083204930662558,12.0,3500,1.6104360539028733,7.218055555555555,0,1.0,-2.4970159621384855,0.0565
4b_duration_prior,4b_duration_prior__d3840__w12,3840.0,12.0,,12000,11994,6,2649,500,0.041666666666666664,0,47074.494366642364,3924.8369490280484,5.5394792147143335,0.28808333333333336,0.0,6.914,12.0,3500,1.4980218662598526,6.805625,0,1.0,-2.2038965161147646,0.05491666666666667
4b_duration_prior,4b_duration_prior__d7680__w12,7680.0,12.0,,12000,11994,6,2649,334,0.027833333333333335,0,47375.99357244236,3949.9744515960033,5.574958057477343,0.19233333333333333,0.0,6.910179640718563,12.0,3500,1.4079188914314773,6.463125,0,1.0,-1.5775393363417447,0.05516666666666667
4b_duration_prior,4b_duration_prior__d15360__w12,15360.0,12.0,,12000,11994,6,2649,0,0.0,0,48135.347615765975,4013.285610785894,5.6643148524083315,0.0,0.0,,,3500,1.1390401728960082,5.492152777777777,0,1.0,0.0,0.05591666666666667
4b_duration_prior,4b_duration_prior__d0__w24,0.0,24.0,,12000,11994,6,2649,2581,0.21508333333333332,0,46316.44169184167,3861.63429146588,5.45027555799503,2.847166666666667,20.0,13.237504843084077,24.0,3500,4.3838914314772435,21.11340277777778,0,1.0,-3.778732291378513,0.17225
4b_duration_prior,4b_duration_prior__d60__w24,60.0,24.0,,12000,11994,6,2649,2475,0.20625,0,46319.55713847501,3861.8940418938714,5.450642167389397,2.7300833333333334,19.0,13.236767676767677,24.0,3500,4.193674040172896,21.062222222222225,0,1.0,-3.772260027672848,0.16675
4b_duration_prior,4b_duration_prior__d120__w24,120.0,24.0,,12000,11994,6,2649,2387,0.19891666666666666,0,46324.98292444445,3862.3464169121626,5.451280645380616,2.6418333333333335,19.0,13.28110599078341,24.0,3500,4.153628273582506,21.062222222222225,0,1.0,-3.7609880908569044,0.16233333333333333
4b_duration_prior,4b_duration_prior__d240__w24,240.0,24.0,,12000,11994,6,2649,1842,0.1535,0,46374.276632531946,3866.4562808514293,5.457081270008477,2.0236666666666667,17.0,13.183496199782844,24.0,3500,3.817815916603102,20.699375,0,1.0,-3.6585816254854584,0.1305
4b_duration_prior,4b_duration_prior__d480__w24,480.0,24.0,,12000,11994,6,2649,1385,0.11541666666666667,0,46462.20879486945,3873.7876267191577,5.467428664964648,1.52625,14.0,13.223826714801444,24.0,3500,3.204257564200356,19.202708333333334,0,1.0,-3.475904722350901,0.10325
4b_duration_prior,4b_duration_prior__d960__w24,960.0,24.0,,12000,11994,6,2649,905,0.07541666666666667,0,46595.812084931946,3884.926803812908,5.483150398321019,0.99375,9.0,13.176795580110497,24.0,3500,2.5280561912026442,15.10465277777778,0,1.0,-3.1983471753920396,0.0745
4b_duration_prior,4b_duration_prior__d1920__w24,1920.0,24.0,,12000,11994,6,2649,669,0.05575,0,46735.163408347915,3896.545223307318,5.499548530048007,0.7440833333333333,4.0,13.34678624813154,24.0,3500,2.150195779303331,11.382708333333335,0,1.0,-2.908848230607626,0.06375
4b_duration_prior,4b_duration_prior__d3840__w24,3840.0,24.0,,12000,11994,6,2649,513,0.04275,0,46894.596236834725,3909.837938705583,5.518309747803572,0.57,0.0,13.333333333333334,24.0,3500,1.924795321637427,7.910902777777777,0,1.0,-2.5776304532697702,0.058583333333333334
4b_duration_prior,4b_duration_prior__d7680__w24,7680.0,24.0,,12000,11994,6,2649,343,0.028583333333333332,0,47223.12574100834,3937.2290929638493,5.55696937408901,0.3988333333333333,0.0,13.9533527696793,24.0,3500,1.7411568777015003,6.974097222222222,0,1.0,-1.8951184938754178,0.05516666666666667
4b_duration_prior,4b_duration_prior__d15360__w24,15360.0,24.0,,12000,11994,6,2649,0,0.0,0,48135.347615765975,4013.285610785894,5.6643148524083315,0.0,0.0,,,3500,1.1390401728960082,5.492152777777777,0,1.0,0.0,0.05591666666666667
5_se_informed_policy,5_se_informed_policy__d0__w6,0.0,6.0,,12000,11994,6,2649,2127,0.17725,0,46872.33853399723,3907.9822022675626,5.515690578253372,0.78675,6.0,4.438645980253879,6.0,3500,2.044932621408594,6.586180555555556,0,1.0,-2.6238702831247145,0.0825
5_se_informed_policy,5_se_informed_policy__d60__w6,60.0,6.0,,12000,11994,6,2649,2036,0.16966666666666666,0,46874.66393548681,3908.176082665226,5.515964219285329,0.7521666666666667,6.0,4.433202357563851,6.0,3500,1.9891545893719806,6.586180555555556,0,1.0,-2.619039318761187,0.07991666666666666
5_se_informed_policy,5_se_informed_policy__d120__w6,120.0,6.0,,12000,11994,6,2649,1960,0.16333333333333333,0,46878.767051897914,3908.5181800815235,5.51644705247091,0.7221666666666666,6.0,4.421428571428572,6.0,3500,1.9711339944063058,6.586180555555556,0,1.0,-2.6105151954000716,0.07841666666666666
5_se_informed_policy,5_se_informed_policy__d240__w6,240.0,6.0,,12000,11994,6,2649,1529,0.12741666666666668,0,46913.28159953959,3911.3958312105656,5.520508543132445,0.564,6.0,4.4264224983649445,6.0,3500,1.8667289600813628,6.576527777777778,0,1.0,-2.538812072121024,0.06808333333333333
5_se_informed_policy,5_se_informed_policy__d480__w6,480.0,6.0,,12000,11994,6,2649,1142,0.09516666666666666,0,46976.22418517709,3916.6436706000586,5.5279152959728295,0.4315,5.0,4.53415061295972,6.0,3500,1.6973925756420036,6.557777777777778,0,1.0,-2.4080503995555524,0.057833333333333334
5_se_informed_policy,5_se_informed_policy__d960__w6,960.0,6.0,,12000,11994,6,2649,743,0.06191666666666667,0,47075.976176128475,3924.9604949248387,5.539653586270713,0.273,2.0,4.409152086137281,6.0,3500,1.4791431477243835,6.507500000000001,0,1.0,-2.2008180933765895,0.05516666666666667
5_se_informed_policy,5_se_informed_policy__d1920__w6,1920.0,6.0,,12000,11994,6,2649,549,0.04575,0,47173.8076822507,3933.1171987869575,5.5511658840022085,0.19383333333333333,0.0,4.236794171220401,6.0,3500,1.3698754131706077,6.437361111111111,0,1.0,-1.9975755471646464,0.05508333333333333
5_se_informed_policy,5_se_informed_policy__d3840__w6,3840.0,6.0,,12000,11994,6,2649,425,0.035416666666666666,0,47290.38374988264,3942.8367308556544,5.564883943266971,0.14491666666666667,0.0,4.091764705882353,6.0,3500,1.3223925756420036,6.337777777777778,0,1.0,-1.755391635743659,0.05475
5_se_informed_policy,5_se_informed_policy__d7680__w6,7680.0,6.0,,12000,11994,6,2649,278,0.023166666666666665,0,47538.76464975139,3963.5454935594025,5.5941121028184835,0.08941666666666667,0.0,3.8597122302158273,6.0,3500,1.2671866259852531,6.228194444444444,0,1.0,-1.2393864292342511,0.05583333333333333
5_se_informed_policy,5_se_informed_policy__d15360__w6,15360.0,6.0,,12000,11994,6,2649,0,0.0,0,48135.347615765975,4013.285610785894,5.6643148524083315,0.0,0.0,,,3500,1.1390401728960082,5.492152777777777,0,1.0,0.0,0.05591666666666667
5_se_informed_policy,5_se_informed_policy__d0__w12,0.0,12.0,,12000,11994,6,2649,2505,0.20875,0,46556.65140077569,3881.661780955121,5.478542174720608,1.5175,11.0,7.269461077844311,12.0,3500,2.832404017289601,12.017430555555556,0,1.0,-3.279702532932812,0.12875
5_se_informed_policy,5_se_informed_policy__d60__w12,60.0,12.0,,12000,11994,6,2649,2401,0.20008333333333334,0,46559.43754873195,3881.8940760990454,5.478870033976459,1.4555,11.0,7.274468971261975,12.0,3500,2.7348639715230103,12.006388888888889,0,1.0,-3.2739143791243643,0.12483333333333334
5_se_informed_policy,5_se_informed_policy__d120__w12,120.0,12.0,,12000,11994,6,2649,2315,0.19291666666666665,0,46564.18257578126,3882.289692828183,5.479428403833987,1.40525,11.0,7.284233261339093,12.0,3500,2.701683193490974,12.002847222222224,0,1.0,-3.264056702210606,0.12183333333333334
5_se_informed_policy,5_se_informed_policy__d240__w12,240.0,12.0,,12000,11994,6,2649,1792,0.14933333333333335,0,46607.24835511875,3885.8803030781023,5.48449615852186,1.0791666666666666,10.0,7.2265625,12.0,3500,2.5214772438342234,11.352916666666667,0,1.0,-3.1745886055401527,0.10108333333333333
5_se_informed_policy,5_se_informed_policy__d480__w12,480.0,12.0,,12000,11994,6,2649,1348,0.11233333333333333,0,46684.0306708132,3892.2820302495625,5.493531498095229,0.82575,8.0,7.350890207715134,12.0,3500,2.21369692346809,10.333125,0,1.0,-3.015075234394695,0.08408333333333333
5_se_informed_policy,5_se_informed_policy__d960__w12,960.0,12.0,,12000,11994,6,2649,884,0.07366666666666667,0,46804.75622821181,3902.347526114043,5.507737847518455,0.539,5.0,7.316742081447964,12.0,3500,1.8286854818204934,8.632847222222221,0,1.0,-2.7642708601077275,0.06491666666666666
5_se_informed_policy,5_se_informed_policy__d1920__w12,1920.0,12.0,,12000,11994,6,2649,649,0.05408333333333333,0,46933.40030236945,3913.073228478363,5.522876006397916,0.38308333333333333,2.0,7.083204930662558,12.0,3500,1.6104360539028733,7.218055555555555,0,1.0,-2.4970159621384855,0.0565
5_se_informed_policy,5_se_informed_policy__d3840__w12,3840.0,12.0,,12000,11994,6,2649,500,0.041666666666666664,0,47074.494366642364,3924.8369490280484,5.5394792147143335,0.28808333333333336,0.0,6.914,12.0,3500,1.4980218662598526,6.805625,0,1.0,-2.2038965161147646,0.05491666666666667
5_se_informed_policy,5_se_informed_policy__d7680__w12,7680.0,12.0,,12000,11994,6,2649,334,0.027833333333333335,0,47375.99357244236,3949.9744515960033,5.574958057477343,0.19233333333333333,0.0,6.910179640718563,12.0,3500,1.4079188914314773,6.463125,0,1.0,-1.5775393363417447,0.05516666666666667
5_se_informed_policy,5_se_informed_policy__d15360__w12,15360.0,12.0,,12000,11994,6,2649,0,0.0,0,48135.347615765975,4013.285610785894,5.6643148524083315,0.0,0.0,,,3500,1.1390401728960082,5.492152777777777,0,1.0,0.0,0.05591666666666667
5_se_informed_policy,5_se_informed_policy__d0__w24,0.0,24.0,,12000,11994,6,2649,2581,0.21508333333333332,0,46316.44169184167,3861.63429146588,5.45027555799503,2.847166666666667,20.0,13.237504843084077,24.0,3500,4.3838914314772435,21.11340277777778,0,1.0,-3.778732291378513,0.17225
5_se_informed_policy,5_se_informed_policy__d60__w24,60.0,24.0,,12000,11994,6,2649,2475,0.20625,0,46319.55713847501,3861.8940418938714,5.450642167389397,2.7300833333333334,19.0,13.236767676767677,24.0,3500,4.193674040172896,21.062222222222225,0,1.0,-3.772260027672848,0.16675
5_se_informed_policy,5_se_informed_policy__d120__w24,120.0,24.0,,12000,11994,6,2649,2387,0.19891666666666666,0,46324.98292444445,3862.3464169121626,5.451280645380616,2.6418333333333335,19.0,13.28110599078341,24.0,3500,4.153628273582506,21.062222222222225,0,1.0,-3.7609880908569044,0.16233333333333333
5_se_informed_policy,5_se_informed_policy__d240__w24,240.0,24.0,,12000,11994,6,2649,1842,0.1535,0,46374.276632531946,3866.4562808514293,5.457081270008477,2.0236666666666667,17.0,13.183496199782844,24.0,3500,3.817815916603102,20.699375,0,1.0,-3.6585816254854584,0.1305
5_se_informed_policy,5_se_informed_policy__d480__w24,480.0,24.0,,12000,11994,6,2649,1385,0.11541666666666667,0,46462.20879486945,3873.7876267191577,5.467428664964648,1.52625,14.0,13.223826714801444,24.0,3500,3.204257564200356,19.202708333333334,0,1.0,-3.475904722350901,0.10325
5_se_informed_policy,5_se_informed_policy__d960__w24,960.0,24.0,,12000,11994,6,2649,905,0.07541666666666667,0,46595.812084931946,3884.926803812908,5.483150398321019,0.99375,9.0,13.176795580110497,24.0,3500,2.5280561912026442,15.10465277777778,0,1.0,-3.1983471753920396,0.0745
5_se_informed_policy,5_se_informed_policy__d1920__w24,1920.0,24.0,,12000,11994,6,2649,669,0.05575,0,46735.163408347915,3896.545223307318,5.499548530048007,0.7440833333333333,4.0,13.34678624813154,24.0,3500,2.150195779303331,11.382708333333335,0,1.0,-2.908848230607626,0.06375
5_se_informed_policy,5_se_informed_policy__d3840__w24,3840.0,24.0,,12000,11994,6,2649,513,0.04275,0,46894.596236834725,3909.837938705583,5.518309747803572,0.57,0.0,13.333333333333334,24.0,3500,1.924795321637427,7.910902777777777,0,1.0,-2.5776304532697702,0.058583333333333334
5_se_informed_policy,5_se_informed_policy__d7680__w24,7680.0,24.0,,12000,11994,6,2649,343,0.028583333333333332,0,47223.12574100834,3937.2290929638493,5.55696937408901,0.3988333333333333,0.0,13.9533527696793,24.0,3500,1.7411568777015003,6.974097222222222,0,1.0,-1.8951184938754178,0.05516666666666667
5_se_informed_policy,5_se_informed_policy__d15360__w24,15360.0,24.0,,12000,11994,6,2649,0,0.0,0,48135.347615765975,4013.285610785894,5.6643148524083315,0.0,0.0,,,3500,1.1390401728960082,5.492152777777777,0,1.0,0.0,0.05591666666666667
6_risk_only_skip,6_risk_only_skip__t0,,,0.0,12000,11994,6,2649,0,0.0,0,48135.347615765975,4013.285610785894,5.6643148524083315,0.0,0.0,,,3500,1.1390401728960082,5.492152777777777,0,1.0,0.0,0.05591666666666667
6_risk_only_skip,6_risk_only_skip__t0.05,,,0.05,12000,11994,6,2649,0,0.0,0,48135.347615765975,4013.285610785894,5.6643148524083315,0.0,0.0,,,3500,1.1390401728960082,5.492152777777777,0,1.0,0.0,0.05591666666666667
6_risk_only_skip,6_risk_only_skip__t0.1,,,0.1,12000,11994,6,2649,0,0.0,4,48114.20442041458,4011.522796432768,5.661826832244601,0.0,0.0,,,3500,1.13826585598474,5.4929166666666625,1,0.9997142857142857,-0.04392446798175504,0.0559353117705902
6_risk_only_skip,6_risk_only_skip__t0.15,,,0.15,12000,11994,6,2649,0,0.0,8,48096.03390685347,4010.007829485869,5.659688621658451,0.0,0.0,,,3500,1.13826585598474,5.4929166666666625,1,0.9997142857142857,-0.08167326270563967,0.05595396931287525
6_risk_only_skip,6_risk_only_skip__t0.2,,,0.2,12000,11994,6,2649,0,0.0,19,48017.125653904164,4003.4288522514753,5.650403112956483,0.0,0.0,,,3500,1.1385912357692551,5.493680555555554,2,0.9994285714285714,-0.2456032161759938,0.05600534179116935
6_risk_only_skip,6_risk_only_skip__t0.25,,,0.25,12000,11994,6,2649,0,0.0,48,47760.17056442986,3982.005216310648,5.620165987812417,0.0,0.0,,,3500,1.1376212541001878,5.497499999999999,7,0.998,-0.7794210905692421,0.05614123159303882
6_risk_only_skip,6_risk_only_skip__t0.3,,,0.3,12000,11994,6,2649,0,0.0,2322,38729.10805825626,3229.0401916171686,4.55743799226363,0.0,0.0,,,3500,1.2506064133986927,5.9111805555555526,778,0.7777142857142857,-19.541231181280217,0.057346559206447614
