slot,dow,dow_name,hour,mean,std,min,max,n
0,0,Mon,0,101.752,47.437,32.5,258.0,105
1,0,Mon,1,100.438,46.774,32.5,254.5,105
2,0,Mon,2,100.581,47.465,32.5,260.5,105
3,0,Mon,3,104.0,49.15,33.5,263.5,105
4,0,Mon,4,114.824,53.627,36.5,264.0,105
5,0,Mon,5,131.067,57.741,44.5,275.5,105
6,0,Mon,6,142.405,58.837,42.5,284.0,105
7,0,Mon,7,141.31,58.282,33.0,278.5,105
8,0,Mon,8,135.048,57.831,26.5,275.0,105
9,0,Mon,9,127.948,58.232,23.5,272.5,105
10,0,Mon,10,122.624,57.966,22.0,270.0,105
11,0,Mon,11,118.776,58.296,22.0,266.0,105
12,0,Mon,12,118.157,59.013,19.5,268.0,105
13,0,Mon,13,120.743,59.57,19.5,265.5,105
14,0,Mon,14,129.757,58.707,23.0,264.0,105
15,0,Mon,15,144.148,55.663,30.5,268.0,105
16,0,Mon,16,156.414,52.48,31.5,270.0,105
17,0,Mon,17,164.505,50.472,45.0,271.0,105
18,0,Mon,18,167.067,50.292,54.5,269.5,105
19,0,Mon,19,164.486,51.518,54.0,274.0,105
20,0,Mon,20,153.471,52.98,43.0,276.5,105
21,0,Mon,21,134.014,52.542,41.5,269.5,105
22,0,Mon,22,117.305,51.252,47.0,261.5,105
23,0,Mon,23,111.176,51.157,44.5,259.5,105
24,1,Tue,0,111.133,51.48,42.0,260.5,105
25,1,Tue,1,109.21,51.842,42.5,268.5,105
26,1,Tue,2,109.2,52.388,41.0,278.0,105
27,1,Tue,3,111.752,53.358,41.0,274.5,105
28,1,Tue,4,122.0,56.1,42.0,270.0,105
29,1,Tue,5,139.39,57.412,45.5,277.5,105
30,1,Tue,6,151.414,58.242,48.5,284.0,105
31,1,Tue,7,149.752,57.827,37.5,282.5,105
32,1,Tue,8,143.081,56.933,37.5,279.5,105
33,1,Tue,9,134.443,56.255,38.5,275.0,105
34,1,Tue,10,127.643,56.183,31.5,267.5,105
35,1,Tue,11,123.814,55.73,26.5,263.5,105
36,1,Tue,12,123.143,56.093,20.5,260.5,105
37,1,Tue,13,126.605,56.991,30.5,256.5,105
38,1,Tue,14,135.81,57.276,34.5,257.0,105
39,1,Tue,15,149.848,54.686,32.0,261.5,105
40,1,Tue,16,162.238,52.277,34.5,262.0,105
41,1,Tue,17,169.214,51.354,42.5,262.5,105
42,1,Tue,18,170.762,52.859,44.5,266.0,105
43,1,Tue,19,168.105,56.885,45.5,271.0,105
44,1,Tue,20,159.886,60.7,41.5,274.5,105
45,1,Tue,21,143.552,62.629,46.0,268.5,105
46,1,Tue,22,129.476,60.925,41.5,275.0,105
47,1,Tue,23,125.264,59.398,42.5,271.5,104
48,2,Wed,0,125.654,59.434,43.5,275.0,104
49,2,Wed,1,124.308,58.517,44.5,269.5,104
50,2,Wed,2,124.25,58.444,43.0,265.5,104
51,2,Wed,3,126.558,59.539,44.0,267.0,104
52,2,Wed,4,136.697,61.58,44.0,275.5,104
53,2,Wed,5,152.356,61.679,42.0,287.0,104
54,2,Wed,6,160.673,60.677,41.5,293.0,104
55,2,Wed,7,157.817,60.461,35.5,287.0,104
56,2,Wed,8,149.962,60.25,31.0,282.5,104
57,2,Wed,9,140.899,61.2,29.5,277.0,104
58,2,Wed,10,134.577,61.241,30.5,275.0,104
59,2,Wed,11,129.822,61.296,36.5,270.5,104
60,2,Wed,12,127.837,61.396,34.5,267.0,104
61,2,Wed,13,130.014,61.663,33.0,265.5,104
62,2,Wed,14,137.971,60.735,39.5,264.0,105
63,2,Wed,15,150.576,57.844,43.0,265.5,105
64,2,Wed,16,163.419,53.714,53.5,266.5,105
65,2,Wed,17,170.586,51.347,60.0,265.5,105
66,2,Wed,18,172.914,50.883,61.0,265.0,105
67,2,Wed,19,169.714,53.401,53.0,267.5,105
68,2,Wed,20,159.871,56.503,51.5,270.5,105
69,2,Wed,21,141.395,57.241,56.0,276.0,105
70,2,Wed,22,123.362,56.41,43.5,283.0,105
71,2,Wed,23,116.529,54.994,41.5,284.0,105
72,3,Thu,0,116.284,54.556,47.0,283.5,104
73,3,Thu,1,113.524,53.97,43.5,283.5,104
74,3,Thu,2,113.173,53.422,45.0,284.5,104
75,3,Thu,3,115.053,53.8,46.0,287.0,104
76,3,Thu,4,125.067,55.594,46.0,294.5,104
77,3,Thu,5,140.149,55.975,44.0,298.0,104
78,3,Thu,6,149.322,57.324,40.5,296.0,104
79,3,Thu,7,145.572,57.812,32.0,287.5,104
80,3,Thu,8,137.005,58.302,26.0,284.5,104
81,3,Thu,9,128.404,57.987,25.0,282.0,104
82,3,Thu,10,121.534,57.026,26.0,274.5,104
83,3,Thu,11,117.106,57.066,24.5,273.0,104
84,3,Thu,12,115.995,57.418,26.5,272.5,104
85,3,Thu,13,118.519,57.944,25.5,276.0,104
86,3,Thu,14,125.981,57.853,29.0,274.0,104
87,3,Thu,15,139.524,55.543,34.5,270.0,104
88,3,Thu,16,152.255,54.027,40.0,268.0,104
89,3,Thu,17,159.24,52.659,45.0,263.0,104
90,3,Thu,18,160.899,53.995,52.5,265.0,104
91,3,Thu,19,157.231,56.4,52.0,278.5,104
92,3,Thu,20,147.476,58.626,48.0,283.0,104
93,3,Thu,21,131.558,58.088,41.5,275.5,104
94,3,Thu,22,117.413,56.03,45.0,280.5,104
95,3,Thu,23,111.399,54.926,39.0,282.0,104
96,4,Fri,0,111.601,54.135,40.0,278.5,104
97,4,Fri,1,109.678,53.922,39.5,278.0,104
98,4,Fri,2,109.159,53.677,39.0,276.0,104
99,4,Fri,3,111.466,54.392,43.5,278.5,104
100,4,Fri,4,120.712,57.522,46.5,284.0,104
101,4,Fri,5,134.101,60.382,49.5,295.5,104
102,4,Fri,6,142.173,60.973,39.5,298.0,104
103,4,Fri,7,138.779,61.169,35.0,294.0,104
104,4,Fri,8,130.442,62.034,32.5,293.5,104
105,4,Fri,9,120.986,63.6,26.0,289.5,104
106,4,Fri,10,114.188,63.294,25.5,284.0,104
107,4,Fri,11,110.442,62.663,22.0,282.5,104
108,4,Fri,12,109.601,62.671,22.0,282.0,104
109,4,Fri,13,111.99,64.166,22.5,281.5,104
110,4,Fri,14,119.178,65.122,22.5,281.0,104
111,4,Fri,15,132.639,63.016,25.0,276.0,104
112,4,Fri,16,146.712,59.917,32.0,273.0,104
113,4,Fri,17,154.832,56.98,35.0,276.0,104
114,4,Fri,18,157.615,56.808,40.0,272.5,104
115,4,Fri,19,155.351,58.885,37.5,283.0,104
116,4,Fri,20,149.519,60.495,42.5,287.0,104
117,4,Fri,21,135.899,58.751,45.5,272.5,104
118,4,Fri,22,120.726,54.118,46.5,250.0,104
119,4,Fri,23,113.149,49.671,41.5,227.0,104
120,5,Sat,0,112.048,47.294,43.5,216.0,104
121,5,Sat,1,108.216,45.113,42.0,208.5,104
122,5,Sat,2,107.091,44.219,42.5,207.0,104
123,5,Sat,3,106.356,44.145,44.5,208.0,104
124,5,Sat,4,107.538,45.111,44.0,211.5,104
125,5,Sat,5,111.808,46.964,42.0,219.0,104
126,5,Sat,6,116.947,50.297,37.0,232.0,104
127,5,Sat,7,117.087,52.542,33.0,243.0,104
128,5,Sat,8,112.683,53.473,31.0,241.5,104
129,5,Sat,9,107.0,52.894,31.0,243.0,104
130,5,Sat,10,102.197,52.525,27.5,242.0,104
131,5,Sat,11,98.923,52.584,27.0,241.5,104
132,5,Sat,12,97.639,54.152,25.0,243.0,104
133,5,Sat,13,97.798,56.5,27.0,246.5,104
134,5,Sat,14,103.803,58.829,22.5,244.0,104
135,5,Sat,15,116.486,59.011,29.5,242.5,104
136,5,Sat,16,129.562,56.598,35.5,243.0,104
137,5,Sat,17,136.99,54.59,39.5,246.0,104
138,5,Sat,18,138.966,54.525,43.5,250.5,104
139,5,Sat,19,136.221,56.225,44.5,255.0,104
140,5,Sat,20,129.933,55.868,42.5,256.5,104
141,5,Sat,21,117.346,52.161,45.0,249.0,104
142,5,Sat,22,105.067,47.792,42.0,233.0,104
143,5,Sat,23,99.303,44.588,41.0,223.0,104
144,6,Sun,0,99.534,43.291,43.0,230.5,104
145,6,Sun,1,97.327,42.284,45.0,232.0,104
146,6,Sun,2,96.76,42.111,44.0,231.0,104
147,6,Sun,3,95.889,42.084,44.5,233.0,104
148,6,Sun,4,96.135,42.127,42.5,237.5,104
149,6,Sun,5,98.019,42.237,39.5,239.0,104
150,6,Sun,6,100.337,44.188,44.0,250.0,104
151,6,Sun,7,100.312,46.995,45.0,255.0,104
152,6,Sun,8,98.764,49.607,42.0,251.5,104
153,6,Sun,9,95.529,50.559,35.5,250.5,104
154,6,Sun,10,93.418,50.237,35.5,252.0,104
155,6,Sun,11,92.24,50.898,36.5,256.0,104
156,6,Sun,12,92.462,52.473,33.0,260.0,104
157,6,Sun,13,94.899,53.402,32.5,259.0,104
158,6,Sun,14,102.529,55.637,33.0,258.5,104
159,6,Sun,15,116.788,56.188,39.0,260.5,104
160,6,Sun,16,129.74,54.18,44.5,259.0,104
161,6,Sun,17,137.168,53.375,41.0,265.0,104
162,6,Sun,18,140.111,54.185,46.0,264.5,104
163,6,Sun,19,138.582,54.926,41.5,264.0,104
164,6,Sun,20,130.942,55.95,36.5,270.5,104
165,6,Sun,21,117.197,54.204,35.0,272.5,104
166,6,Sun,22,105.163,50.206,35.0,266.5,104
167,6,Sun,23,100.87,48.032,35.0,258.5,104
